Name,Role
Emily,Student
Zoe,Student
Michelle,Student
JAMES,Student
Jenny,Student
James,Student
David,Student
YASHVEER,Student
Arvin,Student
Jeffrey,Student
Joseph,Student
Ethan,Student
James,Student
Riteka,Student
James,Student
Sarah,Student
Jacqueline,Student
Daniela,Student
Anutam,Student
Sofia,Student
Jack,Student
Emily,Student
Albert,Student
Jared,Student
Ethan,Student
Jade,Student
Hannah,Student
Anisa,Student
Tiana,Student
Alex,Student
Rachel,Student
Sara,Student
Ruotong,Student
Ryan,Student
Alex,Student
Orlando,Student
Alex,Student
Anika,Student
Stefan,Student
Aman,Student
Sarah,Student
Matthew,Student
Alex,Student
Michelle,Student
Srikar,Student
James,Student
Justin,Student
Eric,Student
Samika,Student
David,Student
Anna,Student
Pranav,Student
William,Student
Santiago,Student
Emily,Student
Jasmine,Student
Samuel,Student
Veda,Student
Lynn,Student
Amogh,Student
Isaac,Student
Christina,Student
James,Student
Joshua,Student
Jinn,Student
Leah,Student
Amit,Student
Michael,Student
Aman,Student
Jeffrey,Student
Daniel,Student
Luca,Student
Ian,Student
Ethan,Student
Sanjana,Student
Brandon,Student
Emma,Student
Matthew,Student
Zin,Student
Ryan,Student
Mingxin,Student
Jenny,Student
Alex,Student
Lanie,Student
Arnav,Student
Emma,Student
Zhaoyu,Student
Emily,Student
Sarah,Student
Matthew,Student
Zengyu,Student
David,Student
Brandon,Student
Nicholas,Student
Matthew,Student
Nawoda,Student
Alexander,Student
Alex,Student
Justin,Student
Chloe,Student
Vivi,Student
Hannah,Student
Ivy,Student
Jack,Student
Caddie,Student
Can,Student
Jackie,Student
Krisco,Student
Ethan,Student
Jessica,Student
Annika,Student
Elijah,Student
Jaxon,Student
Pranav,Student
Michael,Student
Evelyn,Student
Alex,Student
Justin,Student
Agam,Student
Samantha,Student
Yuwen,Student
Julianna,Student
Charles,Student
Izzie,Student
Kelly,Student
Matthew,Student
Joe,Student
Lyuheng,Student
Anthony,Student
Haozhe,Student
Hao-Ming,Student
Alana,Student
Mark,Student
Brian,Student
Anna,Student
Mahir,Student
Meisen,Student
Isaac,Student
Bilal,Student
Clemente,Student
Daniel,Student
Ryan,Student
Brandon,Student
David,Student
Mia,Student
Jason,Student
Vani,Student
Daniel,Student
David,Student
Sean,Student
Kolors,Student
Samar,Student
Alexandra,Student
Erin,Student
Ethan,Student
Cambridge,Student
Ishna,Student
Orlyana,Student
Salma,Student
Zixuan,Student
Katherine,Student
William,Student
Sophie,Student
Alexander,Student
Andrew,Student
Zofia,Student
Sarah,Student
Evan,Student
Sophie,Student
Juno,Student
Vincent,Student
Jiahui,Student
Taishi,Student
Mike,Student
David,Student
Tayson,Student
Siqi,Student
Sung,Student
Erin,Student
Arvinder,Student
Katrina,Student
Ethan,Student
Harmon,Student
Lucas,Student
Enzo,Student
Daisy,Student
Adan,Student
Sarah,Student
Joel,Student
Andrew,Student
Dylan,Student
Zach,Student
Luyi,Student
Emily,Student
Ariel,Student
Daven,Student
Irene,Student
Giselle,Student
Lauren,Student
Giacomo,Student
Leena,Student
Julie,Student
Hannah,Student
Emanuel,Student
Hector,Student
Nikolaos,Student
Sunghyun,Student
Andrew,Student
Mari,Student
Paul,Student
Isabella,Student
Daniel,Student
Henry,Student
Febrian,Student
Nelson,Student
Seong,Student
Ruby,Student
Rohan,Student
Ivy,Student
Luis,Student
Jackson,Student
Jacqueline,Student
Samantha,Student
Dominic,Student
Hanyi,Student
Anita,Student
Preethi,Student
Hannah,Student
Adam,Student
Guilherme,Student
Pooneh,Student
Francessco,Student
Xiner,Student
Aaron,Student
Sarah,Student
Carolyn,Student
Chris,Student
Filhaq,Student
Matthew,Student
Niccolo,Student
Irene,Student
Mihit,Student
Micaela,Student
Tianyi,Student
Dinesh,Student
Le,Student
Michelle,Student
Manuel,Student
Daniela,Student
Sam,Student
Stephanie,Student
Samin,Student
Henley,Student
Mariana,Student
Danashi,Student
Hyunji,Student
Adnan,Student
Emma,Student
Rohan,Student
Lauren,Student
Simone,Student
Alexander,Student
Jacob,Student
Norberto,Student
Edgar,Student
Tsz,Student
Liam,Student
Jade,Student
Jenny,Student
Wilson,Student
Jake,Student
Sofia,Student
Tianyu,Student
Christine,Student
Ayush,Student
Archisha,Student
Victoria,Student
Michael,Student
David,Student
Sharona,Student
Gopika,Student
Sid,Student
Justine,Student
Jieun,Student
Diem-Mi,Student
Temmie,Student
Jordan,Student
Gavin,Student
Parth,Student
Siyi,Student
Adrian,Student
Yuyang,Student
Giovanni,Student
Vivian,Student
I,Student
Curtis,Student
Angelica,Student
Nathan,Student
Parker,Student
Isabel,Student
Calvin,Student
Joseph,Student
Jayna,Student
Triet,Student
Shelly,Student
Shucheng,Student
Yekang,Student
Michal,Student
Marlen,Student
Jason,Student
Ella,Student
Sarah,Student
Venkat,Student
April,Student
Sarvenaz,Student
Kamal,Student
Neha,Student
Trigger,Student
Keji,Student
Nicholas,Student
Caleb,Student
Alisa,Student
Pranav,Student
Adam,Student
Shannon,Student
Saketh,Student
Karleigh,Student
Neha,Student
Jacqueline,Student
Gabriel,Student
Leo,Student
Theodore,Student
Xin,Student
Nianqin,Student
Lauren,Student
Robert,Student
Yirmeyahuw,Student
Shiv,Student
Nicole,Student
Bandna,Student
Richard,Student
Rayna,Student
Erin,Student
Emily,Student
Nicholas,Student
Andrew,Student
Ziqi,Student
Henry,Student
Peidong,Student
David,Student
Tisha,Student
Jenny,Student
Melania,Student
Shiraz,Student
Lauren,Student
Melody,Student
Michael,Student
Esha,Student
Yilan,Student
Nicolas,Student
Spencer,Student
Zoey,Student
Steven,Student
Eric,Student
Justin,Student
Ridge,Student
Jocelyn,Student
Ashton,Student
Ryan,Student
Sriya,Student
Lingye,Student
Haojun,Student
Elise,Student
Sean,Student
Fan,Student
Zoe,Student
Parker,Student
Esther,Student
Anderson,Student
Sarah,Student
Alex,Student
Charles,Student
Allison,Student
Jihyun,Student
Aidan,Student
Aaryavi,Student
Juan,Student
Amine,Student
Justin,Student
Alena,Student
Ria,Student
Elizabeth,Student
Boen,Student
Dior,Student
Brandon,Student
Scott,Student
Arya,Student
Chuyue,Student
Sierra,Student
Emily,Student
Darlena,Student
Boge,Student
Sanjana,Student
Minjune,Student
Emrie,Student
Kartikeya,Student
Hannah,Student
Daniel,Student
Eric,Student
Slayden,Student
Josh,Student
Brian,Student
Madelyn,Student
Eugene,Student
Omair,Student
Fizza,Student
Abigail,Student
Cesar,Student
Arnold,Student
Rohan,Student
Maya,Student
Suzu,Student
Zhaoxi,Student
Ari,Student
Michelle,Student
Ethan,Student
JohnMatthew,Student
Yihong,Student
Joel,Student
Wil,Student
Chris,Student
Yijin,Student
Anastasia,Student
Taeheon,Student
Lucas,Student
Zhuohui,Student
James,Student
Kanglin,Student
Christine,Student
Lily,Student
Victoria,Student
Meghna,Student
Noor,Student
Qi,Student
Rachel,Student
Sriya,Student
Dream,Student
Audrey,Student
Jordan,Student
Anvi,Student
Andrew,Student
Darsh,Student
Aarushi,Student
Aman,Student
Yuting,Student
Samantha,Student
Kavina,Student
Paulina,Student
Hrushikesh,Student
Ikshita,Student
Joshua,Student
Ethan,Student
Curtis,Student
Qingyang,Student
Ayush,Student
Chen-You,Student
Syed,Student
Rahul,Student
Kerem,Student
Sam,Student
Amina,Student
Nithin,Student
Stephany,Student
Andy,Student
Freya,Student
Chloe,Student
Jonah,Student
Grace,Student
Andrea,Student
Adam,Student
Natalie,Student
Katie,Student
Dhruti,Student
Sidharth,Student
Matthew,Student
Alyssa,Student
Brandon,Student
Sean,Student
Ediz,Student
Tianhao,Student
Brad,Student
Kathy,Student
Benjamin,Student
Max,Student
Zachary,Student
Satyamuny,Student
Jacob,Student
Anika,Student
Nicholas,Student
Saarth,Student
Yash,Student
Jiajun,Student
Yusuf,Student
Alexander,Student
Caoying,Student
Karla,Student
Nathan,Student
Zilin,Student
Aidana,Student
Dylan,Student
Maria,Student
Haeun,Student
Jenny,Student
Junsu,Student
Ethan,Student
Jack,Student
Anish,Student
Harshdeep,Student
Jialing,Student
Nino,Student
Ahmer,Student
Justin,Student
Rex,Student
Rushil,Student
Annika,Student
Shing,Student
Satvik,Student
Tanvir,Student
Teagan,Student
Patrick,Student
Charles,Student
Diane,Student
Dominic,Student
Natalia,Student
Tiange,Student
Elaine,Student
Zoe,Student
Derrick,Student
Umar,Student
Rebekah,Student
Sofia,Student
Amit,Student
Shreena,Student
Ning,Student
Zhiyuan,Student
Soumya,Student
Ashley,Student
Noah,Student
Michelle,Student
Jinlin,Student
Aiden,Student
Vivien,Student
Arush,Student
Duong,Student
Jimmy,Student
Run,Student
Lakshya,Student
Avni,Student
Jason,Student
Junlong,Student
Ryan,Student
Si,Student
Larisa,Student
HyoJung,Student
Amina,Student
Hannah,Student
Charlie,Student
Orianna,Student
Jadon,Student
Rhea,Student
Guy,Student
Michihiro,Student
Mark,Student
Jack,Student
Angelique,Student
Jenny,Student
Mayra,Student
Audri,Student
Armaan,Student
Jiachen,Student
Julio,Student
Ken,Student
Avik,Student
Varun,Student
Trisha,Student
Yushin,Student
Akul,Student
Varmin,Student
Preston,Student
Johnson,Student
Yuanhan,Student
Amrutha,Student
Jacqueline,Student
Zhongqi,Student
Angel,Student
Jocelyn,Student
Michelle,Student
Manuel,Student
Jason,Student
Armaan,Student
Yuanzhe,Student
Erin,Student
Leon,Student
Stephanie,Student
Jaycee,Student
Muhammad,Student
Adith,Student
Khanh,Student
Audrey,Student
Chloe,Student
Joshua,Student
Woojae,Student
Truong,Student
Annalea,Student
Sara,Student
Eric,Student
Alvaro,Student
Xi,Student
Xupeng,Student
Joshua,Student
Diego,Student
Anderson,Student
Tony,Student
Cheryl,Student
Deniz,Student
Su,Student
Taejun,Student
Aurora,Student
Manya,Student
Anika,Student
Wenbin,Student
Anna,Student
Xiaolu,Student
Zhen,Student
Manasvi,Student
Mrigank,Student
Elsa,Student
Andrew,Student
Jianqi,Student
Christiana,Student
JT,Student
Saloni,Student
Andrew,Student
Rhea,Student
Laila,Student
Elena,Student
Nick,Student
Aiden,Student
Rishi,Student
Ching-Chun,Student
Anna,Student
Jerrae,Student
Flora,Student
Carolyn,Student
Grace,Student
Ying,Student
Fatou,Student
Mustafa,Student
Qianhua,Student
Emmanuelle,Student
Jeffrey,Student
Nikhil,Student
Erik,Student
Zachary,Student
William,Student
Samantha,Student
Yingjie,Student
Evelyn,Student
Roshanak,Student
Lara,Student
Destinee,Student
Alyssa,Student
Alex,Student
Lorenzo,Student
Karm,Student
Luz,Student
Lin,Student
Xufei,Student
Guanhua,Student
Apratim,Student
Justin,Student
Shawn,Student
Aili,Student
Siddharth,Student
Dexter,Student
Feng,Student
Roland,Student
Shutong,Student
Dudu,Student
Kelly,Student
Sherlene,Student
Han,Student
Evelyn,Student
Edgar,Student
Nicole,Student
Tun-Yiu,Student
Mason,Student
Helen,Student
Tiffany,Student
Joseph,Student
Yejin,Student
Alexander,Student
Paul,Student
Alyssa,Student
Madeline,Student
Sangwoo,Student
Monika,Student
Rebecca,Student
Brittney,Student
Sofia,Student
Jiang,Student
Ricky,Student
Haonan,Student
Riya,Student
Joy,Student
Grace,Student
Arhaan,Student
Yerin,Student
Hyejeong,Student
Okalani,Student
Darren,Student
Priyanka,Student
Joe,Student
Desiree,Student
Andy,Student
William,Student
Mike,Student
Karan,Student
Huy,Student
Neil,Student
Carl,Student
Giovanna,Student
Alan,Student
Serena,Student
Dulce,Student
Jesse,Student
Amanda,Student
#REF!,#REF!
Kathy,Student
Prashamsa,Student
Pin-Hua,Student
Kenny,Student
Allie,Student
Angela,Student
Roshni,Student
Felica,Student
Evan,Student
Shervil,Student
Sumate,Student
Katherine,Student
Benson,Student
Andy,Student
Seongeon,Student
Camille,Student
Taehoon,Student
Yongshi,Student
Arvind,Student
Bhuvanesh,Student
Inga,Student
Jessica,Student
Shrinidhi,Student
Amy,Student
Crystal,Student
Chris,Student
Will,Student
Akshat,Student
Terence,Student
Jordan,Student
Jaeik,Student
Carlos,Student
Paul,Student
Jacqueline,Student
Cameron,Student
Josie,Student
Katherine,Student
Emma,Student
Xiangchen,Student
Jimmy,Student
Manh,Student
Hwanhee,Student
Emily,Student
Ashley,Student
Anusha,Student
Danielle,Student
Kristen,Student
Samantha,Student
Aadya,Student
Fernando,Student
Allen,Student
Amogh,Student
Hyunoh,Student
Lizzy,Student
Sakchhi,Student
Jeffae,Student
Parth,Student
Michael,Student
Cristina,Student
Celina,Student
Vishal,Student
Samantha,Student
Elia,Student
Caitlyn,Student
Ranaa,Student
Ian,Student
Dhanya,Student
Anahit,Student
Naman,Student
Julia,Student
Della,Student
Rolan,Student
Ciara,Student
Meghana,Student
Crystal,Student
Bobby,Student
Kyle,Student
Sydney,Student
MARK,Student
Harry,Student
Olivia,Student
Aditya,Student
Nathan,Student
Austin,Student
Christine,Student
Areeya,Student
Hong,Student
Jaewon,Student
Catherlin,Student
Calvin,Student
Marina,Student
Margot,Student
Abtin,Student
Diane,Student
Chloe,Student
Casey,Student
Patricia,Student
Grayce,Student
Leilani,Student
Xinyi,Student
Anisa,Student
Kian,Student
Sana,Student
Suraj,Student
Mark,Student
Sinchana,Student
Christa,Student
Hao-En,Student
Aditi,Student
Cedric,Student
Benjamin,Student
Jash,Student
Korede,Student
Saketh,Student
Evie,Student
Elizabeth,Student
Alysia,Student
Suraj,Student
Yikang,Student
Lydia,Student
Jazmine,Student
Shuai,Student
Jaewon,Student
Haonan,Student
Terry,Student
Zixun,Student
Hemani,Student
Arvind,Student
Hanh,Student
Emmalina,Student
Jose,Student
Zachary,Student
Valeria,Student
Aiko,Student
Neel,Student
Sueji,Student
Leo,Student
Faye,Student
Rebecca,Student
Leeahnie,Student
Sara,Student
Audrey,Student
Shubhodya,Student
Maya,Student
Wendy,Student
Rogelio,Student
Minjun,Student
Joyce,Student
Aayushi,Student
Soltan,Student
Zoe,Student
Tyler,Student
Alec,Student
Jordan,Student
Ethan,Student
Lin,Student
Serena,Student
Ian,Student
Madison,Student
Marcel,Student
Aldrich,Student
Ankit,Student
Ken,Student
Meng-Han,Student
Jialin,Student
Amy,Student
Haokai,Student
Holly,Student
Mason,Student
Frances,Student
Jihun,Student
Christopher,Student
SooHyuk,Student
Grace,Student
Gordon,Student
Siyao,Student
Jenna,Student
Isabella,Student
Jeff,Student
Pranay,Student
Elijah,Student
Junwei,Student
Ananya,Student
Spencer,Student
Klaire,Student
Junsang,Student
Sabrina,Student
Xander,Student
Joshua,Student
Fatima,Student
Michele,Student
Wilson,Student
Akshat,Student
Liam,Student
Jianpu,Student
Sarah,Student
Bisan,Student
Sofiia,Student
Aditya,Student
Rafael,Student
Muhammad,Student
Enoch,Student
Evan,Student
Madison,Student
Andy,Student
Jessica,Student
Aly,Student
Shivani,Student
Suchira,Student
Michelle,Student
James,Student
J.,Student
Caroline,Student
Marcelo,Student
Spencer,Student
Vanessa,Student
Eren,Student
Yusra,Student
Adrian,Student
Lily,Student
Jayita,Student
Albert,Student
Sharon,Student
Raquel,Student
Morgan,Student
Manas,Student
Alan,Student
Ines,Student
Jason,Student
Filipe,Student
Shuhan,Student
Manavi,Student
Vishal,Student
Annie,Student
Ricky,Student
Stone,Student
Leslie,Student
Rupali,Student
Mariajose,Student
Christopher,Student
Troy,Student
Natalie,Student
Dipit,Student
Chongming,Student
Richard,Student
Maria,Student
Nina,Student
Gabriel,Student
Yan,Student
Maanasa,Student
Ella,Student
Anshul,Student
Ronald,Student
Jaclyn,Student
Ethan,Student
Arjun,Student
Nia,Student
Rowan,Student
Rachel,Student
Sumukh,Student
Zeming,Student
Cassi,Student
Lukas,Student
Kyle,Student
Devean,Student
Taylor,Student
Ivan,Student
Maxwin,Student
Noah,Student
Tyler,Student
Ricardo,Student
Chiara,Student
Cassie,Student
Ayanna,Student
Ivy,Student
Ningyu,Student
Donald,Student
Angus,Student
Anna,Student
Sophia,Student
Dan,Student
Jillian,Student
Mathew,Student
Irena,Student
Bella,Student
Ridhi,Student
Noah,Student
Shirley,Student
Nikhil,Student
Razvan-Cristian,Student
Hein,Student
Claire,Student
Nuri,Student
Alexis,Student
Xuan,Student
Raymond,Student
Andres,Student
Andres,Student
Euhan,Student
Warren,Student
Keyu,Student
Xiaorui,Student
Adriel,Student
Yaohui,Student
Nicholas,Student
Sriram,Student
Thien,Student
Megan,Student
Khoi,Student
Jonah,Student
Chu,Student
Larissa,Student
Ziyuan,Student
Marie,Student
John,Student
Dongyang,Student
Richa,Student
Smayan,Student
Shiyu,Student
Katherine,Student
Anjali,Student
Yesenia,Student
Nilasha,Student
Arthur,Student
Justin,Student
Kevin,Student
Jiro,Student
Brayan,Student
Xunwei,Student
Yasmin,Student
Anish,Student
Kevin,Student
Amar,Student
Timothy,Student
Rachel,Student
Arul,Student
Lilian,Student
Aishi,Student
Nancy,Student
Harry,Student
Yun,Student
Michael,Student
Clinton,Student
Ailin,Student
Bianca,Student
Noah,Student
Tony,Student
Mihika,Student
Manpreet,Student
Zhengyu,Student
Nicole,Student
Gianna,Student
Angeline,Student
Angel,Student
Defne,Student
Peiyi,Student
Dina,Student
Vinay,Student
Emma,Student
Brandon,Student
Nemerjit,Student
Xiaohui,Student
LuLu,Student
Haoran,Student
Janush,Student
YuCian,Student
Mark,Student
Ameya,Student
Steven,Student
Marden,Student
Venus,Student
Jiahe,Student
Tony,Student
Aareen,Student
Prisha,Student
Merlin,Student
Logan,Student
Yingzi,Student
Ishaan,Student
Hanson,Student
Aanvi,Student
Ivana,Student
Erik,Student
Radhika,Student
Pavit,Student
Guotao,Student
Aiden,Student
Abigail,Student
Donesh,Student
Jared,Student
Neil,Student
Ana,Student
Pranav,Student
Shauen,Student
Rachel,Student
Gwenn,Student
Maher,Student
Lucia,Student
Keuntae,Student
Yash,Student
AZ,Student
Cirui,Student
Zaafir,Student
Athena,Student
Keona,Student
Bhavye,Student
Eesha,Student
Henry,Student
Harshini,Student
Betty,Student
Min,Student
Emmett,Student
Ziyu,Student
Angela,Student
Donna,Student
Alvin,Student
Kyu,Student
Ali,Student
Hamza,Student
Avina,Student
Chansoo,Student
Valentina,Student
Rakhi,Student
Ryan,Student
Willy,Student
Jelo,Student
Chenkun,Student
Tiffany,Student
Aditya,Student
Kai,Student
Paul,Student
Dhilan,Student
Cyrus,Student
Ruoshan,Student
Jackie,Student
Ved,Student
XueZhao,Student
Bill,Student
Dhruv,Student
Diya,Student
Krish,Student
Frederia,Student
Vivi,Student
Vicky,Student
Cassandra,Student
Ayla,Student
Seth,Student
Chenxi,Student
Mukhamediyar,Student
Jay,Student
Rina,Student
Kasey,Student
Wendy,Student
Matias,Student
Jayden,Student
Khushi,Student
Simone,Student
Ty,Student
Victor,Student
Jon,Student
Magnus,Student
Raaed,Student
Zachary,Student
You,Student
Luan,Student
Breanna,Student
Declan,Student
Ashley,Student
Shine,Student
Manvi,Student
Ash,Student
Gargee,Student
Yulong,Student
Vineeth,Student
Tianze,Student
Derrick,Student
Ellie,Student
Winson,Student
Alexander,Student
Caedin,Student
Seraphima,Student
Megan,Student
Saga,Student
Lucas,Student
Wenyi,Student
Alan,Student
Jonathan,Student
Paarin,Student
Eugene,Student
Faustina,Student
Riyya,Student
Kartik,Student
Rohini,Student
Aarin,Student
Celeste,Student
Chami,Student
Saralyn,Student
Sage,Student
Hathamee,Student
Minami,Student
Raya,Student
Dylan,Student
Sher,Student
Sahil,Student
Suhani,Student
Solomon,Student
Bradley,Student
Aaron,Student
Hongbi,Student
Arleth,Student
Khai,Student
Kush,Student
Rayce,Student
Diane,Student
Richard,Student
Alejandro,Student
Kelly,Student
Pranit,Student
Anusri,Student
Nainika,Student
Dongni,Student
Anish,Student
Tsadiku,Student
Esther,Student
Alexandria,Student
Gisele,Student
Jae,Student
Mia,Student
Christopher,Student
Susan,Student
Leo,Student
Kevin,Student
Iman,Student
Yingze,Student
Maryna,Student
Brie,Student
Melody,Student
Colby,Student
Trang-Thy,Student
Sharron,Student
Kavan,Student
Ranvir,Student
Winston,Student
Emaan,Student
Angela,Student
Koby,Student
Meixin,Student
Jehu,Student
Kui,Student
Lavanya,Student
Alireza,Student
Hongyi,Student
Junhao,Student
